Team,Conference,ConferenceAbbrev,Nickname,Name1,Name2,Name3,Name4,Name5,Name6,Name7,urlSchool
Boston College,Atlantic Coast,ACC,Eagles,BC,Boston Col.,,,,,,https://a.espncdn.com/i/teamlogos/ncaa/500/103.png
Clemson,Atlantic Coast,ACC,Tigers,CLEM,,,,,,,https://a.espncdn.com/i/teamlogos/ncaa/500/228.png
Duke,Atlantic Coast,ACC,Blue Devils,DUKE,,,,,,,https://a.espncdn.com/i/teamlogos/ncaa/500/150.png
Florida St.,Atlantic Coast,ACC,Seminoles,FSU,Florida St,Florida State,,,,,https://a.espncdn.com/i/teamlogos/ncaa/500/52.png
Georgia Tech,Atlantic Coast,ACC,Yellow Jackets,GT,,,,,,,https://a.espncdn.com/i/teamlogos/ncaa/500/59.png
Louisville,Atlantic Coast,ACC,Cardinals,LOU,,,,,,,https://a.espncdn.com/i/teamlogos/ncaa/500/97.png
Miami (FL),Atlantic Coast,ACC,Hurricanes,MIA,Miami (Fla),Miami,Miami (Florida),,,,https://a.espncdn.com/i/teamlogos/ncaa/500/2390.png
North Carolina,Atlantic Coast,ACC,Tar Heels,UNC,N Carolina,,,,,,https://a.espncdn.com/i/teamlogos/ncaa/500/153.png
NC State,Atlantic Coast,ACC,Wolfpack,NCST,North Carolina St.,North Carolina St,NC St.,NC St,North Carolina State,N Carolina St,https://a.espncdn.com/i/teamlogos/ncaa/500/152.png
Pittsburgh,Atlantic Coast,ACC,Panthers,PITT,Pitt,,,,,,https://a.espncdn.com/i/teamlogos/ncaa/500/221.png
Syracuse,Atlantic Coast,ACC,Orange,SYR,,,,,,,https://a.espncdn.com/i/teamlogos/ncaa/500/183.png
Virginia,Atlantic Coast,ACC,Cavaliers,UVA,,,,,,,https://a.espncdn.com/i/teamlogos/ncaa/500/258.png
Virginia Tech,Atlantic Coast,ACC,Hokies,VT,,,,,,,https://a.espncdn.com/i/teamlogos/ncaa/500/259.png
Wake Forest,Atlantic Coast,ACC,Demon Deacons,WAKE,,,,,,,https://a.espncdn.com/i/teamlogos/ncaa/500/154.png
Central Florida,American Athletic,AAC,Knights,UCF,C Florida,,,,,,https://a.espncdn.com/i/teamlogos/ncaa/500/2116.png
Cincinnati,American Athletic,AAC,Bearcats,CIN,,,,,,,https://a.espncdn.com/i/teamlogos/ncaa/500/2132.png
Connecticut,American Athletic,AAC,Huskies,CONN,UConn,,,,,,https://a.espncdn.com/i/teamlogos/ncaa/500/41.png
East Carolina,American Athletic,AAC,Pirates,ECU,,,,,,,https://a.espncdn.com/i/teamlogos/ncaa/500/151.png
Houston,American Athletic,AAC,Cougars,HOU,,,,,,,https://a.espncdn.com/i/teamlogos/ncaa/500/248.png
Memphis,American Athletic,AAC,Tigers,MEM,,,,,,,https://a.espncdn.com/i/teamlogos/ncaa/500/235.png
Navy,American Athletic,AAC,Midshipmen,NAVY,,,,,,,https://a.espncdn.com/i/teamlogos/ncaa/500/2426.png
SMU,American Athletic,AAC,Mustangs,SMU,Southern Methodist,,,,,,https://a.espncdn.com/i/teamlogos/ncaa/500/2567.png
South Florida,American Athletic,AAC,Bulls,USF,S Florida,,,,,,https://a.espncdn.com/i/teamlogos/ncaa/500/58.png
Temple,American Athletic,AAC,Owls,TEM,,,,,,,https://a.espncdn.com/i/teamlogos/ncaa/500/218.png
Tulane,American Athletic,AAC,Green Wave,TULN,,,,,,,https://a.espncdn.com/i/teamlogos/ncaa/500/2655.png
Tulsa,American Athletic,AAC,Golden Hurricane,TLSA,,,,,,,https://a.espncdn.com/i/teamlogos/ncaa/500/202.png
Baylor,Big Twelve,Big 12,Bears,BAY,,,,,,,https://a.espncdn.com/i/teamlogos/ncaa/500/239.png
Iowa St.,Big Twelve,Big 12,Cyclones,ISU,Iowa St,Iowa State,,,,,https://a.espncdn.com/i/teamlogos/ncaa/500/66.png
Kansas,Big Twelve,Big 12,Jayhawks,KU,,,,,,,https://a.espncdn.com/i/teamlogos/ncaa/500/2305.png
Kansas St.,Big Twelve,Big 12,Wildcats,KSU,Kansas St,Kansas State,,,,,https://a.espncdn.com/i/teamlogos/ncaa/500/2306.png
Oklahoma,Big Twelve,Big 12,Sooners,OKLA,OU,,,,,,https://a.espncdn.com/i/teamlogos/ncaa/500/201.png
Oklahoma St.,Big Twelve,Big 12,Cowboys,OKST,Oklahoma St,Oklahoma State,,,,,https://a.espncdn.com/i/teamlogos/ncaa/500/197.png
TCU,Big Twelve,Big 12,Horned Frogs,TCU,Texas Christian,Texas-Christian,,,,,https://a.espncdn.com/i/teamlogos/ncaa/500/2628.png
Texas,Big Twelve,Big 12,Longhorns,TEX,,,,,,,https://a.espncdn.com/i/teamlogos/ncaa/500/251.png
Texas Tech,Big Twelve,Big 12,Red Raiders,TTU,,,,,,,https://a.espncdn.com/i/teamlogos/ncaa/500/2641.png
West Virginia,Big Twelve,Big 12,Mountaineers,WVU,,,,,,,https://a.espncdn.com/i/teamlogos/ncaa/500/277.png
Illinois,Big Ten,B1G,Fighting Illini,ILL,,,,,,,https://a.espncdn.com/i/teamlogos/ncaa/500/356.png
Indiana,Big Ten,B1G,Hoosiers,IND,,,,,,,https://a.espncdn.com/i/teamlogos/ncaa/500/84.png
Iowa,Big Ten,B1G,Hawkeyes,IOWA,,,,,,,https://a.espncdn.com/i/teamlogos/ncaa/500/2294.png
Maryland,Big Ten,B1G,Terrapins,UMD,,,,,,,https://a.espncdn.com/i/teamlogos/ncaa/500/120.png
Michigan,Big Ten,B1G,Wolverines,MICH,,,,,,,https://a.espncdn.com/i/teamlogos/ncaa/500/130.png
Michigan St.,Big Ten,B1G,Spartans,MSU,Michigan St,Michigan State,Mich. St.,,,,https://a.espncdn.com/i/teamlogos/ncaa/500/127.png
Minnesota,Big Ten,B1G,Golden Gophers,MINN,,,,,,,https://a.espncdn.com/i/teamlogos/ncaa/500/135.png
Nebraska,Big Ten,B1G,Cornhuskers,NEB,,,,,,,https://a.espncdn.com/i/teamlogos/ncaa/500/158.png
Northwestern,Big Ten,B1G,Wildcats,NW,,,,,,,https://a.espncdn.com/i/teamlogos/ncaa/500/77.png
Ohio St.,Big Ten,B1G,Buckeyes,OSU,Ohio St,Ohio State,,,,,https://a.espncdn.com/i/teamlogos/ncaa/500/194.png
Penn State,Big Ten,B1G,Nittany Lions,PSU,Penn St.,Penn St,,,,,https://a.espncdn.com/i/teamlogos/ncaa/500/213.png
Purdue,Big Ten,B1G,Boilermakers,PUR,,,,,,,https://a.espncdn.com/i/teamlogos/ncaa/500/2509.png
Rutgers,Big Ten,B1G,Scarlet Knights,RUTG,,,,,,,https://a.espncdn.com/i/teamlogos/ncaa/500/164.png
Wisconsin,Big Ten,B1G,Badgers,WIS,,,,,,,https://a.espncdn.com/i/teamlogos/ncaa/500/275.png
Charlotte,Conference USA,C-USA,49ers,CHAR,,,,,,,https://a.espncdn.com/i/teamlogos/ncaa/500/2429.png
Florida Atlantic,Conference USA,C-USA,Owls,FAU,,,,,,,https://a.espncdn.com/i/teamlogos/ncaa/500/2226.png
Florida Intl,Conference USA,C-USA,Golden Panthers,FIU,Florida International,Florida Int.,Florida Intl.,,,,https://a.espncdn.com/i/teamlogos/ncaa/500/2229.png
Louisiana Tech,Conference USA,C-USA,Bulldogs,LT,LA Tech,La Tech,,,,,https://a.espncdn.com/i/teamlogos/ncaa/500/2348.png
Marshall,Conference USA,C-USA,Thundering Herd,MRSH,,,,,,,https://a.espncdn.com/i/teamlogos/ncaa/500/276.png
Middle Tennessee,Conference USA,C-USA,Blue Raiders,MTSU,Middle Tenn,Mid Tennessee,Middle Tenn. St.,Middle Tenn. St,Middle Tenn. State,Middle Tennessee St.,https://a.espncdn.com/i/teamlogos/ncaa/500/2393.png
North Texas,Conference USA,C-USA,Mean Green,UNT,N Texas,,,,,,https://a.espncdn.com/i/teamlogos/ncaa/500/249.png
Old Dominion,Conference USA,C-USA,Monarchs,ODU,,,,,,,https://a.espncdn.com/i/teamlogos/ncaa/500/295.png
Rice,Conference USA,C-USA,Owls,RICE,,,,,,,https://a.espncdn.com/i/teamlogos/ncaa/500/242.png
Southern Miss,Conference USA,C-USA,Golden Eagles,USM,Southern Mississippi,,,,,,https://a.espncdn.com/i/teamlogos/ncaa/500/2572.png
UAB,Conference USA,C-USA,Blazers,UAB,Alabama-Birmingham,Alabama Birmingham,Ala-Birmingham,,,,https://a.espncdn.com/i/teamlogos/ncaa/500/5.png
UTEP,Conference USA,C-USA,Miners,UTEP,Texas El-Paso,Texas-El Paso,,,,,https://a.espncdn.com/i/teamlogos/ncaa/500/2638.png
UTSA,Conference USA,C-USA,Roadrunners,UTSA,Texas San-Antonio,Texas-San Antonio,UT San Antonio,,,,https://a.espncdn.com/i/teamlogos/ncaa/500/2636.png
Western Kentucky,Conference USA,C-USA,Hilltoppers,WKU,W Kentucky,W. Kentucky,,,,,https://a.espncdn.com/i/teamlogos/ncaa/500/98.png
Army,Independent (FBS),IND (FBS),Black Knights,ARMY,Army West Point,,,,,,https://a.espncdn.com/i/teamlogos/ncaa/500/349.png
BYU,Independent (FBS),IND (FBS),Cougars,BYU,Brigham Young,,,,,,https://a.espncdn.com/i/teamlogos/ncaa/500/252.png
Liberty,Independent (FBS),IND (FBS),Flames,LIB,,,,,,,https://a.espncdn.com/i/teamlogos/ncaa/500/2335.png
Massachusetts,Independent (FBS),IND (FBS),Minutemen,UMASS,UMass,Mass,,,,,https://a.espncdn.com/i/teamlogos/ncaa/500/113.png
New Mexico State,Independent (FBS),IND (FBS),Aggies,NMSU,New Mexico St,New Mexico St.,,,,,https://a.espncdn.com/i/teamlogos/ncaa/500/166.png
Notre Dame,Independent (FBS),IND (FBS),Fighting Irish,ND,,,,,,,https://a.espncdn.com/i/teamlogos/ncaa/500/87.png
Akron,Mid-American,MAC,Zips,AKR,,,,,,,https://a.espncdn.com/i/teamlogos/ncaa/500/2006.png
Ball St.,Mid-American,MAC,Cardinals,BALL,Ball St,Ball State,,,,,https://a.espncdn.com/i/teamlogos/ncaa/500/2050.png
Bowling Green,Mid-American,MAC,Falcons,BGSU,Bowling Green State,Bowling Green St.,Bowling Green St,,,,https://a.espncdn.com/i/teamlogos/ncaa/500/189.png
Buffalo,Mid-American,MAC,Bulls,BUFF,,,,,,,https://a.espncdn.com/i/teamlogos/ncaa/500/2084.png
Central Michigan,Mid-American,MAC,Chippewas,CMU,Cent Michigan,C Michigan,,,,,https://a.espncdn.com/i/teamlogos/ncaa/500/2117.png
Eastern Michigan,Mid-American,MAC,Eagles,EMU,E Michigan,East. Michigan,East Michigan,,,,https://a.espncdn.com/i/teamlogos/ncaa/500/2199.png
Kent State,Mid-American,MAC,Golden Flashes,KENT,Kent St.,Kent St,,,,,https://a.espncdn.com/i/teamlogos/ncaa/500/2309.png
Miami (OH),Mid-American,MAC,RedHawks,M-OH,Miami (Ohio),,,,,,https://a.espncdn.com/i/teamlogos/ncaa/500/193.png
Northern Illinois,Mid-American,MAC,Huskies,NIU,N Illinois,,,,,,https://a.espncdn.com/i/teamlogos/ncaa/500/2459.png
Ohio,Mid-American,MAC,Bobcats,OHIO,,,,,,,https://a.espncdn.com/i/teamlogos/ncaa/500/195.png
Toledo,Mid-American,MAC,Rockets,TOL,TOLEDO,,,,,,https://a.espncdn.com/i/teamlogos/ncaa/500/2649.png
Western Michigan,Mid-American,MAC,Broncos,WMU,W Michigan,,,,,,https://a.espncdn.com/i/teamlogos/ncaa/500/2711.png
Air Force,Mountain West,MWC,Falcons,AFA,,,,,,,https://a.espncdn.com/i/teamlogos/ncaa/500/2005.png
Boise St.,Mountain West,MWC,Broncos,BSU,Boise St,Boise State,,,,,https://a.espncdn.com/i/teamlogos/ncaa/500/68.png
Colorado St.,Mountain West,MWC,Rams,CSU,Colorado St,Colorado State,,,,,https://a.espncdn.com/i/teamlogos/ncaa/500/36.png
Fresno St.,Mountain West,MWC,Bulldogs,FRES,Fresno St,Fresno State,,,,,https://a.espncdn.com/i/teamlogos/ncaa/500/278.png
Hawaii,Mountain West,MWC,Rainbow Warriors,HAW,Hawai'i,,,,,,https://a.espncdn.com/i/teamlogos/ncaa/500/62.png
Nevada,Mountain West,MWC,Wolf Pack,NEV,,,,,,,https://a.espncdn.com/i/teamlogos/ncaa/500/2440.png
New Mexico,Mountain West,MWC,Lobos,UNM,,,,,,,https://a.espncdn.com/i/teamlogos/ncaa/500/167.png
San Diego St.,Mountain West,MWC,Aztecs,SDSU,San Diego St,San Diego State,,,,,https://a.espncdn.com/i/teamlogos/ncaa/500/21.png
San Jose St.,Mountain West,MWC,Spartans,SJSU,San Jose St,San Jose State,San José State,,,,https://a.espncdn.com/i/teamlogos/ncaa/500/23.png
UNLV,Mountain West,MWC,Rebels,UNLV,Nevada-Las Vegas,Nevada Las Vegas,,,,,https://a.espncdn.com/i/teamlogos/ncaa/500/2439.png
Utah St.,Mountain West,MWC,Aggies,USU,Utah St,Utah State,,,,,https://a.espncdn.com/i/teamlogos/ncaa/500/328.png
Wyoming,Mountain West,MWC,Cowboys,WYO,,,,,,,https://a.espncdn.com/i/teamlogos/ncaa/500/2751.png
Arizona,Pac 12,Pac-12,Wildcats,ARIZ,,,,,,,https://a.espncdn.com/i/teamlogos/ncaa/500/12.png
Arizona St.,Pac 12,Pac-12,Sun Devils,ASU,Arizona St,Arizona State,,,,,https://a.espncdn.com/i/teamlogos/ncaa/500/9.png
California,Pac 12,Pac-12,Golden Bears,CAL,Cal,,,,,,https://a.espncdn.com/i/teamlogos/ncaa/500/25.png
Colorado,Pac 12,Pac-12,Buffaloes,COLO,,,,,,,https://a.espncdn.com/i/teamlogos/ncaa/500/38.png
Oregon,Pac 12,Pac-12,Ducks,ORE,UO,,,,,,https://a.espncdn.com/i/teamlogos/ncaa/500/2483.png
Oregon St.,Pac 12,Pac-12,Beavers,ORST,Oregon St,Oregon State,,,,,https://a.espncdn.com/i/teamlogos/ncaa/500/204.png
Stanford,Pac 12,Pac-12,Cardinal,STAN,,,,,,,https://a.espncdn.com/i/teamlogos/ncaa/500/24.png
UCLA,Pac 12,Pac-12,Bruins,UCLA,,,,,,,https://a.espncdn.com/i/teamlogos/ncaa/500/26.png
USC,Pac 12,Pac-12,Trojans,USC,Southern Cal,Southern California,,,,,https://a.espncdn.com/i/teamlogos/ncaa/500/30.png
Utah,Pac 12,Pac-12,Utes,UTAH,,,,,,,https://a.espncdn.com/i/teamlogos/ncaa/500/254.png
Washington,Pac 12,Pac-12,Huskies,WASH,UW,,,,,,https://a.espncdn.com/i/teamlogos/ncaa/500/264.png
Washington St.,Pac 12,Pac-12,Cougars,WSU,Washington St,Washington State,,,,,https://a.espncdn.com/i/teamlogos/ncaa/500/265.png
Alabama,Southeastern,SEC,Crimson Tide,ALA,BAMA,,,,,,https://a.espncdn.com/i/teamlogos/ncaa/500/333.png
Arkansas,Southeastern,SEC,Razorbacks,ARK,,,,,,,https://a.espncdn.com/i/teamlogos/ncaa/500/8.png
Auburn,Southeastern,SEC,Tigers,AUB,,,,,,,https://a.espncdn.com/i/teamlogos/ncaa/500/2.png
Florida,Southeastern,SEC,Gators,FLA,UF,,,,,,https://a.espncdn.com/i/teamlogos/ncaa/500/57.png
Georgia,Southeastern,SEC,Bulldogs,UGA,,,,,,,https://a.espncdn.com/i/teamlogos/ncaa/500/61.png
Kentucky,Southeastern,SEC,Wildcats,UK,,,,,,,https://a.espncdn.com/i/teamlogos/ncaa/500/96.png
LSU,Southeastern,SEC,Tigers,LSU,Louisiana State,,,,,,https://a.espncdn.com/i/teamlogos/ncaa/500/99.png
Ole Miss,Southeastern,SEC,Rebels,MISS,Mississippi,,,,,,https://a.espncdn.com/i/teamlogos/ncaa/500/145.png
Mississippi St.,Southeastern,SEC,Bulldogs,MSST,Mississippi St,Mississippi State,Miss St,Miss St.,,,https://a.espncdn.com/i/teamlogos/ncaa/500/344.png
Missouri,Southeastern,SEC,Tigers,MIZ,MIZZ,,,,,,https://a.espncdn.com/i/teamlogos/ncaa/500/142.png
South Carolina,Southeastern,SEC,Gamecocks,SC,SCAR,S Carolina,,,,,https://a.espncdn.com/i/teamlogos/ncaa/500/2579.png
Tennessee,Southeastern,SEC,Volunteers,TENN,,,,,,,https://a.espncdn.com/i/teamlogos/ncaa/500/2633.png
Texas A&M,Southeastern,SEC,Aggies,TAMU,Texas A&M,,,,,,https://a.espncdn.com/i/teamlogos/ncaa/500/245.png
Vanderbilt,Southeastern,SEC,Commodores,VAN,,,,,,,https://a.espncdn.com/i/teamlogos/ncaa/500/238.png
Appalachian St.,Sun Belt,Sun Belt,Mountaineers,APP,Appalachian St,App State,Appalachian,Appalachian State,,,https://a.espncdn.com/i/teamlogos/ncaa/500/2026.png
Arkansas St.,Sun Belt,Sun Belt,Red Wolves,ARST,Arkansas St,AKST,Arkansas State,,,,https://a.espncdn.com/i/teamlogos/ncaa/500/2032.png
Coastal Carolina,Sun Belt,Sun Belt,Chanticleers,CCU,C. Carolina,Coast Carolina,,,,,https://a.espncdn.com/i/teamlogos/ncaa/500/324.png
Georgia Southern,Sun Belt,Sun Belt,Eagles,GASO,Ga Southern,,,,,,https://a.espncdn.com/i/teamlogos/ncaa/500/290.png
Georgia St.,Sun Belt,Sun Belt,Panthers,GAST,GSU,Georgia St,Georgia State,,,,https://a.espncdn.com/i/teamlogos/ncaa/500/2247.png
Louisiana,Sun Belt,Sun Belt,Ragin' Cajuns,ULL,Louisiana Lafayette,Louisiana-Lafayette,,,,,https://a.espncdn.com/i/teamlogos/ncaa/500/309.png
UL Monroe,Sun Belt,Sun Belt,Warhawks,ULM,Louisiana Monroe,Louisiana-Monroe,La-Monroe,LA-Monroe,,,https://a.espncdn.com/i/teamlogos/ncaa/500/2433.png
South Alabama,Sun Belt,Sun Belt,Jaguars,USA,S Alabama,,,,,,https://a.espncdn.com/i/teamlogos/ncaa/500/6.png
Texas St.,Sun Belt,Sun Belt,Bobcats,TXST,Texas St,Texas State,,,,,https://a.espncdn.com/i/teamlogos/ncaa/500/326.png
Troy,Sun Belt,Sun Belt,Trojans,TROY,Troy St.,Troy St,Troy State,,,,https://a.espncdn.com/i/teamlogos/ncaa/500/2653.png
Cal Poly,Big Sky,Big Sky,Mustangs,CP,,,,,,,https://a.espncdn.com/i/teamlogos/ncaa/500/13.png
Eastern Washington,Big Sky,Big Sky,Eagles,EWU,E Washington,Eastern Washington Eagles,E. Washington,East. Washington,East Washington,,https://a.espncdn.com/i/teamlogos/ncaa/500/331.png
Idaho,Big Sky,Big Sky,Vandals,IDHO,,,,,,,https://a.espncdn.com/i/teamlogos/ncaa/500/70.png
Idaho State,Big Sky,Big Sky,Bengals,IDST,Idaho St,Idaho St.,,,,,https://a.espncdn.com/i/teamlogos/ncaa/500/304.png
Montana,Big Sky,Big Sky,Grizzlies,MONT,,,,,,,https://a.espncdn.com/i/teamlogos/ncaa/500/149.png
Montana State,Big Sky,Big Sky,Bobcats,MTST,Montana St,Montana St.,,,,,https://a.espncdn.com/i/teamlogos/ncaa/500/147.png
Northern Arizona,Big Sky,Big Sky,Lumberjacks,NAU,N Arizona,,,,,,https://a.espncdn.com/i/teamlogos/ncaa/500/2464.png
Northern Colorado,Big Sky,Big Sky,Bears,UNCO,N Colorado,,,,,,https://a.espncdn.com/i/teamlogos/ncaa/500/2458.png
Portland State,Big Sky,Big Sky,Vikings,PRST,Portland St,Portland St.,,,,,https://a.espncdn.com/i/teamlogos/ncaa/500/2502.png
Sacramento State,Big Sky,Big Sky,Hornets,SAC,Sacramento St,Sacramento St.,,,,,https://a.espncdn.com/i/teamlogos/ncaa/500/16.png
Southern Utah,Big Sky,Big Sky,Thunderbirds,SUU,,,,,,,https://a.espncdn.com/i/teamlogos/ncaa/500/253.png
UC Davis,Big Sky,Big Sky,Aggies,UCD,California-Davis,UC-Davis,,,,,https://a.espncdn.com/i/teamlogos/ncaa/500/302.png
Weber State,Big Sky,Big Sky,Wildcats,WEB,Weber St,Weber St.,,,,,https://a.espncdn.com/i/teamlogos/ncaa/500/2692.png
Charleston Southern,Big South,Big South,Buccaneers,CHSO,Charleston So,,,,,,https://a.espncdn.com/i/teamlogos/ncaa/500/2127.png
Campbell,Big South,Big South,Fighting Camels,CAMP,,,,,,,https://a.espncdn.com/i/teamlogos/ncaa/500/2097.png
Gardner-Webb,Big South,Big South,Bulldogs,WEBB,,,,,,,https://a.espncdn.com/i/teamlogos/ncaa/500/2241.png
Kennesaw State,Big South,Big South,Owls,KENN,Kennesaw St,Kennesaw St.,,,,,https://a.espncdn.com/i/teamlogos/ncaa/500/338.png
Monmouth,Big South,Big South,Hawks,MONM,,,,,,,https://a.espncdn.com/i/teamlogos/ncaa/500/2405.png
Presbyterian,Big South,Big South,Blue Hose,PRE,Presbyterian College,,,,,,https://a.espncdn.com/i/teamlogos/ncaa/500/2506.png
Albany,Colonial Athletic,CAA,Great Danes,ALBY,,,,,,,https://a.espncdn.com/i/teamlogos/ncaa/500/399.png
Delaware,Colonial Athletic,CAA,Blue Hens,DEL,,,,,,,https://a.espncdn.com/i/teamlogos/ncaa/500/48.png
Elon,Colonial Athletic,CAA,Phoenix,ELON,,,,,,,https://a.espncdn.com/i/teamlogos/ncaa/500/2210.png
James Madison,Colonial Athletic,CAA,Dukes,JMU,,,,,,,https://a.espncdn.com/i/teamlogos/ncaa/500/256.png
Maine,Colonial Athletic,CAA,Black Bears,MAINE,,,,,,,https://a.espncdn.com/i/teamlogos/ncaa/500/311.png
New Hampshire,Colonial Athletic,CAA,Wildcats,UNH,,,,,,,https://a.espncdn.com/i/teamlogos/ncaa/500/160.png
Rhode Island,Colonial Athletic,CAA,Rams,URI,,,,,,,https://a.espncdn.com/i/teamlogos/ncaa/500/227.png
Richmond,Colonial Athletic,CAA,Spiders,RICH,,,,,,,https://a.espncdn.com/i/teamlogos/ncaa/500/257.png
Stony Brook,Colonial Athletic,CAA,Seawolves,STON,,,,,,,https://a.espncdn.com/i/teamlogos/ncaa/500/2619.png
Towson,Colonial Athletic,CAA,Tigers,TOWS,,,,,,,https://a.espncdn.com/i/teamlogos/ncaa/500/119.png
Villanova,Colonial Athletic,CAA,Wildcats,NOVA,,,,,,,https://a.espncdn.com/i/teamlogos/ncaa/500/222.png
William & Mary,Colonial Athletic,CAA,Tribe,W&M,,,,,,,https://a.espncdn.com/i/teamlogos/ncaa/500/2729.png
Hampton,Independent (FCS),Ind (FCS),Pirates,HAMP,,,,,,,https://a.espncdn.com/i/teamlogos/ncaa/500/2261.png
North Alabama,Independent (FCS),Ind (FCS),Lions,,,,,,,,https://a.espncdn.com/i/teamlogos/ncaa/500/2453.png
North Dakota,Independent (FCS),Ind (FCS),Fighting Hawks,UND,,,,,,,https://a.espncdn.com/i/teamlogos/ncaa/500/155.png
Brown,Ivy League,Ivy,Bears,BRWN,,,,,,,https://a.espncdn.com/i/teamlogos/ncaa/500/225.png
Columbia,Ivy League,Ivy,Lions,CLMB,,,,,,,https://a.espncdn.com/i/teamlogos/ncaa/500/171.png
Cornell,Ivy League,Ivy,Big Red,COR,,,,,,,https://a.espncdn.com/i/teamlogos/ncaa/500/172.png
Dartmouth,Ivy League,Ivy,Big Green,DART,,,,,,,https://a.espncdn.com/i/teamlogos/ncaa/500/159.png
Harvard,Ivy League,Ivy,Crimson,HARV,,,,,,,https://a.espncdn.com/i/teamlogos/ncaa/500/108.png
Penn,Ivy League,Ivy,Quakers,PENN,Pennsylvania,,,,,,https://a.espncdn.com/i/teamlogos/ncaa/500/219.png
Princeton,Ivy League,Ivy,Tigers,PRIN,,,,,,,https://a.espncdn.com/i/teamlogos/ncaa/500/163.png
Yale,Ivy League,Ivy,Bulldogs,YALE,,,,,,,https://a.espncdn.com/i/teamlogos/ncaa/500/43.png
Bethune-Cookman,Mid-Eastern Atheltic,MEAC,Wildcats,COOK,,,,,,,https://a.espncdn.com/i/teamlogos/ncaa/500/2065.png
Delaware State,Mid-Eastern Atheltic,MEAC,Hornets,DSU,,,,,,,https://a.espncdn.com/i/teamlogos/ncaa/500/2169.png
Florida A&M,Mid-Eastern Atheltic,MEAC,Rattlers,FAMU,,,,,,,https://a.espncdn.com/i/teamlogos/ncaa/500/50.png
Howard,Mid-Eastern Atheltic,MEAC,Bison,HOW,,,,,,,https://a.espncdn.com/i/teamlogos/ncaa/500/47.png
Morgan State,Mid-Eastern Atheltic,MEAC,Bears,MORG,,,,,,,https://a.espncdn.com/i/teamlogos/ncaa/500/2415.png
Norfolk State,Mid-Eastern Atheltic,MEAC,Spartans,NORF,,,,,,,https://a.espncdn.com/i/teamlogos/ncaa/500/2450.png
North Carolina A&T,Mid-Eastern Atheltic,MEAC,Aggies,NCAT,N Carolina A&T,NC A&T,,,,,https://a.espncdn.com/i/teamlogos/ncaa/500/2448.png
North Carolina Central,Mid-Eastern Atheltic,MEAC,Eagles,NCCU,NC Central,,,,,,https://a.espncdn.com/i/teamlogos/ncaa/500/2428.png
Savannah State,Mid-Eastern Atheltic,MEAC,Tigers,SAV,,,,,,,https://a.espncdn.com/i/teamlogos/ncaa/500/2542.png
South Carolina State,Mid-Eastern Atheltic,MEAC,Bulldogs,SCST,S Carolina St,S. Carolina St.,S Carolina St.,South Carolina St.,South Carolina St,,https://a.espncdn.com/i/teamlogos/ncaa/500/2569.png
Illinois State,Missouri Valley,MVC,Redbirds,ILST,Illinois St,Illinois St.,,,,,https://a.espncdn.com/i/teamlogos/ncaa/500/2287.png
Indiana State,Missouri Valley,MVC,Sycamores,INST,Indiana St,Indiana St.,,,,,https://a.espncdn.com/i/teamlogos/ncaa/500/282.png
Missouri State,Missouri Valley,MVC,Bears,MOST,Missouri St,Missouri St.,,,,,https://a.espncdn.com/i/teamlogos/ncaa/500/2623.png
North Dakota State,Missouri Valley,MVC,Bison,NDSU,North Dakota St,North Dakota St.,N Dakota St,,,,https://a.espncdn.com/i/teamlogos/ncaa/500/2449.png
Northern Iowa,Missouri Valley,MVC,Panthers,UNI,N Iowa,,,,,,https://a.espncdn.com/i/teamlogos/ncaa/500/2460.png
South Dakota,Missouri Valley,MVC,Coyotes,SDAK,S Dakota,,,,,,https://a.espncdn.com/i/teamlogos/ncaa/500/233.png
South Dakota State,Missouri Valley,MVC,Jackrabbits,SDSU,SDKST,South Dakota St,South Dakota State,S Dakota St,,,https://a.espncdn.com/i/teamlogos/ncaa/500/2571.png
Southern Illinois,Missouri Valley,MVC,Salukis,SIU,S Illinois,,,,,,https://a.espncdn.com/i/teamlogos/ncaa/500/79.png
Western Illinois,Missouri Valley,MVC,Leathernecks,WIU,W Illinois,,,,,,https://a.espncdn.com/i/teamlogos/ncaa/500/2710.png
Youngstown State,Missouri Valley,MVC,Penguins,YSU,Youngstown St,Youngstown St.,,,,,https://a.espncdn.com/i/teamlogos/ncaa/500/2754.png
Bryant,Northeast,NEC,Bulldogs,BRY,,,,,,,https://a.espncdn.com/i/teamlogos/ncaa/500/2803.png
Central Connecticut,Northeast,NEC,Blue Devils,CCSU,Cent Conn St,,,,,,https://a.espncdn.com/i/teamlogos/ncaa/500/2115.png
Duquesne,Northeast,NEC,Dukes,DUQ,,,,,,,https://a.espncdn.com/i/teamlogos/ncaa/500/2184.png
Robert Morris (PA),Northeast,NEC,Colonials,RMU,Robert Morris,,,,,,https://a.espncdn.com/i/teamlogos/ncaa/500/2523.png
Sacred Heart,Northeast,NEC,Pioneers,SHU,,,,,,,https://a.espncdn.com/i/teamlogos/ncaa/500/2529.png
St. Francis (PA),Northeast,NEC,Red Flash,SFU,St Francis (PA),,,,,,https://a.espncdn.com/i/teamlogos/ncaa/500/2598.png
Wagner,Northeast,NEC,Seahawks,WAG,,,,,,,https://a.espncdn.com/i/teamlogos/ncaa/500/2681.png
Austin Peay,Ohio Valley,OVC,Governors,PEAY,,,,,,,https://a.espncdn.com/i/teamlogos/ncaa/500/2046.png
Eastern Illinois,Ohio Valley,OVC,Panthers,EIU,E Illinois,East. Illinois,East Illinois,,,,https://a.espncdn.com/i/teamlogos/ncaa/500/2197.png
Eastern Kentucky,Ohio Valley,OVC,Colonels,EKY,E Kentucky,,,,,,https://a.espncdn.com/i/teamlogos/ncaa/500/2198.png
Jacksonville State,Ohio Valley,OVC,Gamecocks,JVST,Jacksonville St,Jacksonville St.,,,,,https://a.espncdn.com/i/teamlogos/ncaa/500/55.png
Murray State,Ohio Valley,OVC,Racers,MURR,,,,,,,https://a.espncdn.com/i/teamlogos/ncaa/500/93.png
Southeast Missouri,Ohio Valley,OVC,Redhawks,SEMO,Southeast Missouri State,Southeast Missouri St,Southeast Missouri St.,SE Missouri,SE Missouri St,SE Missouri St.,https://a.espncdn.com/i/teamlogos/ncaa/500/2546.png
Tennessee State,Ohio Valley,OVC,Tigers,TNST,Tennessee St,Tennessee St.,,,,,https://a.espncdn.com/i/teamlogos/ncaa/500/2634.png
Tennessee Tech,Ohio Valley,OVC,Golden Eagles,TNTC,Tenn Tech,,,,,,https://a.espncdn.com/i/teamlogos/ncaa/500/2635.png
Tennessee-Martin,Ohio Valley,OVC,Skyhawks,UTM,UT Martin,,,,,,https://a.espncdn.com/i/teamlogos/ncaa/500/2630.png
Bucknell,Patriot,Patriot,Bison,BUCK,,,,,,,https://a.espncdn.com/i/teamlogos/ncaa/500/2083.png
Colgate,Patriot,Patriot,Raiders,COLG,,,,,,,https://a.espncdn.com/i/teamlogos/ncaa/500/2142.png
Fordham,Patriot,Patriot,Rams,FOR,,,,,,,https://a.espncdn.com/i/teamlogos/ncaa/500/2230.png
Georgetown,Patriot,Patriot,Hoyas,GTWN,,,,,,,https://a.espncdn.com/i/teamlogos/ncaa/500/46.png
Holy Cross,Patriot,Patriot,Crusaders,HC,,,,,,,https://a.espncdn.com/i/teamlogos/ncaa/500/107.png
Lafayette,Patriot,Patriot,Leopards,LAF,,,,,,,https://a.espncdn.com/i/teamlogos/ncaa/500/322.png
Lehigh,Patriot,Patriot,Mountain Hawks,LEH,,,,,,,https://a.espncdn.com/i/teamlogos/ncaa/500/2329.png
Butler,Pioneer,Pioneer,Bulldogs,BUT,,,,,,,https://a.espncdn.com/i/teamlogos/ncaa/500/2086.png
Davidson,Pioneer,Pioneer,Wildcats,DAV,,,,,,,https://a.espncdn.com/i/teamlogos/ncaa/500/2166.png
Dayton,Pioneer,Pioneer,Flyers,DAY,,,,,,,https://a.espncdn.com/i/teamlogos/ncaa/500/2168.png
Drake,Pioneer,Pioneer,Bulldogs,DRKE,,,,,,,https://a.espncdn.com/i/teamlogos/ncaa/500/2181.png
Jacksonville,Pioneer,Pioneer,Dolphins,JAC,,,,,,,https://a.espncdn.com/i/teamlogos/ncaa/500/294.png
Marist,Pioneer,Pioneer,Red Foxes,MRST,,,,,,,https://a.espncdn.com/i/teamlogos/ncaa/500/2368.png
Morehead State,Pioneer,Pioneer,Eagles,MORE,Morehead St,Morehead St.,,,,,https://a.espncdn.com/i/teamlogos/ncaa/500/2413.png
San Diego,Pioneer,Pioneer,Toreros,USD,,,,,,,https://a.espncdn.com/i/teamlogos/ncaa/500/301.png
Stetson,Pioneer,Pioneer,Hatters,STET,,,,,,,https://a.espncdn.com/i/teamlogos/ncaa/500/56.png
Valparaiso,Pioneer,Pioneer,Crusaders,VALP,,,,,,,https://a.espncdn.com/i/teamlogos/ncaa/500/2674.png
Chattanooga,Southern,SoCon,Mocs,CHAT,,,,,,,https://a.espncdn.com/i/teamlogos/ncaa/500/236.png
Citadel,Southern,SoCon,Bulldogs,CIT,The Citadel,,,,,,https://a.espncdn.com/i/teamlogos/ncaa/500/2643.png
East Tennessee St.,Southern,SoCon,Buccaneers,ETSU,East Tennessee State,East Tennessee St,ETSU,E Tennessee State,,,https://a.espncdn.com/i/teamlogos/ncaa/500/2193.png
Furman,Southern,SoCon,Paladins,FUR,,,,,,,https://a.espncdn.com/i/teamlogos/ncaa/500/231.png
Mercer,Southern,SoCon,Bears,MER,,,,,,,https://a.espncdn.com/i/teamlogos/ncaa/500/2382.png
Samford,Southern,SoCon,Bulldogs,SAM,,,,,,,https://a.espncdn.com/i/teamlogos/ncaa/500/2535.png
VMI,Southern,SoCon,Keydets,VMI,,,,,,,https://a.espncdn.com/i/teamlogos/ncaa/500/2678.png
Western Carolina,Southern,SoCon,Catamounts,WCU,W Carolina,,,,,,https://a.espncdn.com/i/teamlogos/ncaa/500/2717.png
Wofford,Southern,SoCon,Terriers,WOF,,,,,,,https://a.espncdn.com/i/teamlogos/ncaa/500/2747.png
Abilene Christian,Southland,Southland,Wildcats,ACU,Abil Christian,,,,,,https://a.espncdn.com/i/teamlogos/ncaa/500/2000.png
Central Arkansas,Southland,Southland,Bears,UCA,Cent Arkansas,C Arkansas,,,,,https://a.espncdn.com/i/teamlogos/ncaa/500/2110.png
Houston Baptist,Southland,Southland,Huskies,HBU,,,,,,,https://a.espncdn.com/i/teamlogos/ncaa/500/2277.png
Incarnate Word,Southland,Southland,Cardinals,IW,,,,,,,https://a.espncdn.com/i/teamlogos/ncaa/500/2916.png
Lamar,Southland,Southland,Cardinals,LAM,,,,,,,https://a.espncdn.com/i/teamlogos/ncaa/500/2320.png
McNeese State,Southland,Southland,Cowboys,MCNS,McNeese,McNeese St.,McNeese St,,,,https://a.espncdn.com/i/teamlogos/ncaa/500/2377.png
Nicholls State,Southland,Southland,Colonels,NICH,Nicholls,Nicholls St.,Nicholls St,,,,https://a.espncdn.com/i/teamlogos/ncaa/500/2447.png
Northwestern State,Southland,Southland,Demons,NWST,Northwestern St.,Northwestern St,,,,,https://a.espncdn.com/i/teamlogos/ncaa/500/2466.png
Sam Houston State,Southland,Southland,Bearkats,SHSU,Sam Houston St.,Sam Houston St,Sam Houston,,,,https://a.espncdn.com/i/teamlogos/ncaa/500/2534.png
Southeastern Louisiana,Southland,Southland,Lions,SELA,SE Louisiana,,,,,,https://a.espncdn.com/i/teamlogos/ncaa/500/2545.png
Stephen F. Austin,Southland,Southland,Lumberjacks,SFA,Stephen F Austin,SF Austin,,,,,https://a.espncdn.com/i/teamlogos/ncaa/500/2617.png
Alabama A&M,Southwestern Athletic,SWAC,Bulldogs,AAMU,,,,,,,https://a.espncdn.com/i/teamlogos/ncaa/500/2010.png
Alabama State,Southwestern Athletic,SWAC,Hornets,ALST,Alabama St.,Alabama St,,,,,https://a.espncdn.com/i/teamlogos/ncaa/500/2011.png
Alcorn State,Southwestern Athletic,SWAC,Braves,ALCN,Alcorn St.,Alcorn St,,,,,https://a.espncdn.com/i/teamlogos/ncaa/500/2016.png
Arkansas-Pine Bluff,Southwestern Athletic,SWAC,Golden Lions,UAPB,AR-Pine Bluff,,,,,,https://a.espncdn.com/i/teamlogos/ncaa/500/2029.png
Grambling,Southwestern Athletic,SWAC,Tigers,GRAM,Grambling St.,Grambling St,Grambling State,,,,https://a.espncdn.com/i/teamlogos/ncaa/500/2755.png
Jackson State,Southwestern Athletic,SWAC,Tigers,JKST,Jackson St.,Jackson St,,,,,https://a.espncdn.com/i/teamlogos/ncaa/500/2296.png
Mississippi Valley State,Southwestern Athletic,SWAC,Delta Devils,MVSU,Mississippi Valley St.,Mississippi Valley St,Miss Valley St,,,,https://a.espncdn.com/i/teamlogos/ncaa/500/2400.png
Prairie View A&M,Southwestern Athletic,SWAC,Panthers,PVAMU,Prairie View,PV A&M,,,,,https://a.espncdn.com/i/teamlogos/ncaa/500/2504.png
Southern,Southwestern Athletic,SWAC,Jaguars,SOU,Southern University,,,,,,https://a.espncdn.com/i/teamlogos/ncaa/500/2582.png
Texas Southern,Southwestern Athletic,SWAC,Tigers,TXSO,,,,,,,https://a.espncdn.com/i/teamlogos/ncaa/500/2640.png
Hofstra,,,Pride,,,,,,,,https://a.espncdn.com/i/teamlogos/ncaa/500/2275.png
Northeastern,,,Huskies,,,,,,,,https://a.espncdn.com/i/teamlogos/ncaa/500/111.png
Winston-Salem State,,,Rams,WSSU,Winston-Salem,,,,,,https://a.espncdn.com/i/teamlogos/ncaa/500/2736.png
New Mexico Highlands,,,Cowboys,NMHU,,,,,,,https://a.espncdn.com/i/teamlogos/ncaa/500/2424.png
Mary,,,Marauders,,,,,,,,https://a.espncdn.com/i/teamlogos/ncaa/500/110243.png
Arkansas Tech,,,Wonder Boys,,,,,,,,https://a.espncdn.com/i/teamlogos/ncaa/500/2033.png
Central Washington,,,Wildcats,,,,,,,,https://a.espncdn.com/i/teamlogos/ncaa/500/2120.png
Slippery Rock,,,The Rock,,,,,,,,https://a.espncdn.com/i/teamlogos/ncaa/500/215.png
La Salle,,,Explorers,,,,,,,,https://a.espncdn.com/i/teamlogos/ncaa/500/2325.png
Chadron State,,,Eagles,,,,,,,,https://s3.amazonaws.com/file.imleagues/Images/Intramurals/Uploaded/201609/20169717293757ed54469daf4923329a2f44d5eb464c8d.jpg
Minnesota State,,,Mavericks,,,,,,,,https://a.espncdn.com/i/teamlogos/ncaa/500/2364.png
Saint Peter’s,,,Peacocks,,,,,,,,https://a.espncdn.com/i/teamlogos/ncaa/500/2612.png
Tuskegee,,,Golden Tigers,,,,,,,,https://a.espncdn.com/i/teamlogos/ncaa/500/2657.png
Chowan,,,Hawks,,,,,,,,https://a.espncdn.com/i/teamlogos/ncaa/500/2804.png
Iona,,,Gaels,,,,,,,,https://a.espncdn.com/i/teamlogos/ncaa/500/314.png
Florida Tech,,,Panthers,,Florida Institute of Technology,,,,,,https://a.espncdn.com/i/teamlogos/ncaa/500/53.png
Carnegie Mellon,,,Tartans,,,,,,,,https://a.espncdn.com/combiner/i?img=/i/teamlogos/cmu.png&w=250&h=250
Ferris State,,,Bulldogs,,,,,,,,https://a.espncdn.com/i/teamlogos/ncaa/500/2222.png
Southern Oregon,,,Raiders,,,,,,,,https://a.espncdn.com/i/teamlogos/ncaa/500/2584.png
Western Oregon,,,Wolves,,,,,,,,https://a.espncdn.com/i/teamlogos/ncaa/500/2848.png
Henderson State,,,Reddies,,,,,,,,https://a.espncdn.com/i/teamlogos/ncaa/500/2271.png
Mars Hill,,,Lions,,,,,,,,https://a.espncdn.com/i/teamlogos/ncaa/500/2369.png
Valdosta State,,,Blazers,,,,,,,,https://a.espncdn.com/i/teamlogos/ncaa/500/2673.png
Fort Valley State,,,Wildcats,,Fort Valley St.,Fort Valley St,,,,,https://cdn.herosports.com/upload/school/school-logo/fort-valley-state-logo.png
Trinity (CT),,,Bantams,,Trinity,,,,,,https://cdn.herosports.com/upload/school/school-logo/trinity-conn-logo.png
Texas A&M-Kingsville,,,Javelinas,AMKN,,,,,,,http://www.tamuk.edu/registrar/images/javehead2TONE.png
Saginaw Valley State,,,Cardinals,SVSU,Saginaw,Saginaw Valley,,,,,https://upload.wikimedia.org/wikipedia/en/thumb/5/5d/Saginaw_Valley_State_Cardinals_logo.svg/1200px-Saginaw_Valley_State_Cardinals_logo.svg.png
Cheyney,,,Wolves,,,,,,,,https://cdn.herosports.com/upload/cheyney-logo.png
Indiana (PA),,,Crimson Hawks,,,,,,,,https://cdn.herosports.com/upload/images/school-logos/indiana-pennsylvania-logo.png
West Texas A&M,,,Buffaloes,WESTA&M,,,,,,,http://wtamu.edu/webres/Image/Site%20Pictures/News/graphic_standards_2015fall/buffalo_7421.png
Central Oklahoma,,,Bronchos,UCO,,,,,,,https://upload.wikimedia.org/wikipedia/commons/thumb/b/b6/University_of_Central_Oklahoma_logo.svg/1152px-University_of_Central_Oklahoma_logo.svg.png
Missouri Southern,,,Lions,,Missouri Southern State,Missouri Southern St,Missouri Southern St.,,,,https://upload.wikimedia.org/wikipedia/en/thumb/2/26/Missouri_Southern_Lions_logo.svg/1200px-Missouri_Southern_Lions_logo.svg.png
Itawamba JC,,,Indians,,Itawamba Community College,Itawamba Junior College,,,,,https://static1.squarespace.com/static/5b8eea4a50a54f68d0167dcf/t/5b8eec1d0e2e72779fe097fb/1536163344023/?format=1500w
West Los Angeles College,,,Wildcats,,W LA College,W. LA College,West LA College,,,,https://www.greatcollegedeals.net/wp-content/uploads/2018/06/west-los-angeles-college.png
Trinity (TX),,,Tigers,,,,,,,,http://livestats.prestosports.com/logos/715.png?max_width=100
St. Cloud St.,,,Huskies,,St. Could St,Saint Cloud St,Saint Cloud St.,Saint Cloud State,,,https://a.espncdn.com/i/teamlogos/ncaa/500/2594.png
NW Oklahoma St.,,,Rangers,,NW Oklahoma St,NW Oklahoma State,,,,,https://upload.wikimedia.org/wikipedia/en/0/0e/NWOSU_Rangers.png
Langston,,,Lions,,,,,,,,https://cdn.herosports.com/upload/images/school-logos/langston-university-logo.png
Tarleton St.,,,Texans,,Tarleton St,Tarleton State,,,,,https://tarletonsports.com/images/logos/site/site.png
Mount Union,,,Raiders,,Mount Union (OH),,,,,,https://cdn.herosports.com/upload/school/school-logo/mount-union-logo.png
Coe College,,,Kohawks,,,,,,,,http://d21gd0ap5v1ndt.cloudfront.net/web04/coe/images_web/header-logo.png
Monmouth (IL),,,Fighting Scots,,,,,,,,https://cdn.herosports.com/upload/monmouth-il-logo.png
West Alabama,,,Tigers,,W Alabama,W. Alabama,,,,,http://logos.statbroadcast.com/weal.png
Butte JC (CA),,,Roadrunners,,,,,,,,https://pbs.twimg.com/profile_images/1321379497/fbrunner_400x400.png
Blinn College (TX),,,Buccaneers,,,,,,,,https://s3-us-west-2.amazonaws.com/scorestream-team-profile-pictures/282366/20181011000020_16_mascotOrig.png
Wesley,,,Wolverines,,Wesley College,Wesley (DE),,,,,http://livestats.prestosports.com/logos/763.png
